date;Retornos diários
01/01/2018;0
02/01/2018;0,097011056
03/01/2018;0,014610795
04/01/2018;0,026195658
05/01/2018;0,117332926
06/01/2018;0,005593964
07/01/2018;-0,059873361
08/01/2018;-0,07935015
09/01/2018;-0,037883681
10/01/2018;0,025891678
11/01/2018;-0,104686343
12/01/2018;0,04287695
13/01/2018;0,027151953
14/01/2018;-0,040960445
15/01/2018;0,003470796
16/01/2018;-0,168548014
17/01/2018;-0,026273912
18/01/2018;0,025588616
19/01/2018;0,011546941
20/01/2018;0,111291052
21/01/2018;-0,100711716
22/01/2018;-0,057645989
23/01/2018;-0,005763214
24/01/2018;0,045176841
25/01/2018;-0,008803282
26/01/2018;-0,007815692
27/01/2018;0,024106181
28/01/2018;0,030207907
29/01/2018;-0,041565158
30/01/2018;-0,105352196
31/01/2018;0,011359232
01/02/2018;-0,10278342
02/02/2018;-0,037052348
03/02/2018;0,038972925
04/02/2018;-0,097864761
05/02/2018;-0,159688074
06/02/2018;0,114838098
07/02/2018;-0,017113773
08/02/2018;0,084538078
09/02/2018;0,057030488
10/02/2018;-0,013171608
11/02/2018;-0,057055887
12/02/2018;0,097983151
13/02/2018;-0,036773445
14/02/2018;0,104243782
15/02/2018;0,07075268
16/02/2018;0,006639518
17/02/2018;0,085871444
18/02/2018;-0,050473817
19/02/2018;0,063827974
20/02/2018;0,015892706
21/02/2018;-0,062549856
22/02/2018;-0,064113631
23/02/2018;0,029595163
24/02/2018;-0,047376427
25/02/2018;-0,015116558
26/02/2018;0,072632106
27/02/2018;0,03462041
28/02/2018;-0,030552998
01/03/2018;0,053193394
02/03/2018;0,012364203
03/03/2018;0,036377886
04/03/2018;0,001993038
05/03/2018;0,005272501
06/03/2018;-0,068554295
07/03/2018;-0,075541522
08/03/2018;-0,057253176
09/03/2018;-0,006116009
10/03/2018;-0,050500379
11/03/2018;0,080377835
12/03/2018;-0,03899407
13/03/2018;-0,001115739
14/03/2018;-0,100604151
15/03/2018;0,003754715
16/03/2018;0,00451631
17/03/2018;-0,050545941
18/03/2018;0,038752616
19/03/2018;0,049487665
20/03/2018;0,03276918
21/03/2018;0,001773781
22/03/2018;-0,022488996
23/03/2018;0,01731694
24/03/2018;-0,023818587
25/03/2018;-0,019882032
26/03/2018;-0,033708485
27/03/2018;-0,045845048
28/03/2018;0,015503552
29/03/2018;-0,099161703
30/03/2018;-0,038402413
31/03/2018;0,012046952
01/04/2018;-0,018541515
02/04/2018;0,035003181
03/04/2018;0,052557959
04/04/2018;-0,080775368
05/04/2018;-0,006181882
06/04/2018;-0,025714036
07/04/2018;0,041403975
08/04/2018;0,016268082
09/04/2018;-0,03599193
10/04/2018;0,009456851
11/04/2018;0,019541295
12/04/2018;0,132159573
13/04/2018;0,000850519
14/04/2018;0,01143373
15/04/2018;0,042932607
16/04/2018;-0,032469306
17/04/2018;-0,019430015
18/04/2018;0,033071008
19/04/2018;0,016033678
20/04/2018;0,066493842
21/04/2018;0,005624119
22/04/2018;-0,010468133
23/04/2018;0,014589095
24/04/2018;0,08583926
25/04/2018;-0,087832922
26/04/2018;0,049263207
27/04/2018;-0,031725438
28/04/2018;0,040216831
29/04/2018;0,007551988
30/04/2018;-0,018954109
01/05/2018;-0,013152901
02/05/2018;0,012820488
03/05/2018;0,054996192
04/05/2018;-0,004423358
05/05/2018;0,016224567
06/05/2018;-0,020627661
07/05/2018;-0,029186523
08/05/2018;-0,014743338
09/05/2018;0,009784638
10/05/2018;-0,030159125
11/05/2018;-0,066613685
12/05/2018;0,007510453
13/05/2018;0,025755864
14/05/2018;-0,000819629
15/05/2018;-0,023679606
16/05/2018;-0,016632607
17/05/2018;-0,032801509
18/05/2018;0,019353066
19/05/2018;-0,000459345
20/05/2018;0,032261976
21/05/2018;-0,011072125
22/05/2018;-0,044804714
23/05/2018;-0,060180703
24/05/2018;0,003905891
25/05/2018;-0,01412876
26/05/2018;-0,016612022
27/05/2018;0,001677615
28/05/2018;-0,031517785
29/05/2018;0,047169292
30/05/2018;-0,008841623
31/05/2018;0,011834155
01/06/2018;0,006308941
02/06/2018;0,01352525
03/06/2018;0,010047793
04/06/2018;-0,026654549
05/06/2018;0,015874646
06/06/2018;0,002648788
07/06/2018;0,003169626
08/06/2018;-0,00694434
09/06/2018;-0,012188973
10/06/2018;-0,099039026
11/06/2018;0,017816025
12/06/2018;-0,046990563
13/06/2018;-0,035315596
14/06/2018;0,051252807
15/06/2018;-0,032772816
16/06/2018;0,014493753
17/06/2018;-0,007769297
18/06/2018;0,036242502
19/06/2018;0,005214708
20/06/2018;0,000976355
21/06/2018;-0,006907582
22/06/2018;-0,095999291
23/06/2018;0,012951028
24/06/2018;0,001744428
25/06/2018;0,012303153
26/06/2018;-0,024884905
27/06/2018;0,010414079
28/06/2018;-0,04120263
29/06/2018;0,053334982
30/06/2018;0,0298635
01/07/2018;-0,002838878
02/07/2018;0,035760538
03/07/2018;-0,012789239
04/07/2018;0,010407998
05/07/2018;0,006303906
06/07/2018;0,005175348
07/07/2018;0,027486353
08/07/2018;-0,012111877
09/07/2018;-0,004743202
10/07/2018;-0,061082034
11/07/2018;0,010230691
12/07/2018;-0,025943304
13/07/2018;0,001483389
14/07/2018;0,006102919
15/07/2018;0,013307588
16/07/2018;0,060083567
17/07/2018;0,085925767
18/07/2018;0,006794082
19/07/2018;0,013035266
20/07/2018;-0,015097375
21/07/2018;0,008860349
22/07/2018;-0,000107801
23/07/2018;0,039444634
24/07/2018;0,092484698
25/07/2018;-0,028830914
26/07/2018;-0,028089366
27/07/2018;0,026841167
28/07/2018;0,003324016
29/07/2018;0,003211559
30/07/2018;-0,004621301
31/07/2018;-0,048901781
01/08/2018;-0,019989845
02/08/2018;-0,007575205
03/08/2018;-0,017544223
04/08/2018;-0,054011161
05/08/2018;0,005066208
06/08/2018;-0,01650711
07/08/2018;-0,028579604
08/08/2018;-0,066239058
09/08/2018;0,04161727
10/08/2018;-0,058390163
11/08/2018;0,017950724
12/08/2018;0,004282261
13/08/2018;-0,003973011
14/08/2018;-0,015539306
15/08/2018;0,01755083
16/08/2018;0,004154693
17/08/2018;0,03881774
18/08/2018;-0,023838161
19/08/2018;0,012813377
20/08/2018;-0,030362422
21/08/2018;0,028569253
22/08/2018;-0,017268293
23/08/2018;0,024804315
24/08/2018;0,028321879
25/08/2018;0,006433071
26/08/2018;-0,008269792
27/08/2018;0,026446027
28/08/2018;0,030740844
29/08/2018;-0,006921884
30/08/2018;-0,00978127
31/08/2018;0,008505036
01/09/2018;0,022119808
02/09/2018;0,011047887
03/09/2018;-0,001740773
04/09/2018;0,013994388
05/09/2018;-0,077269266
06/09/2018;-0,038814478
07/09/2018;-0,009511178
08/09/2018;-0,03727961
09/09/2018;0,012027003
10/09/2018;0,004577206
11/09/2018;-0,001342876
12/09/2018;0,004840791
13/09/2018;0,026057221
14/09/2018;-0,000705828
15/09/2018;0,004681651
16/09/2018;-0,00397665
17/09/2018;-0,036208908
18/09/2018;0,01434433
19/09/2018;0,00427546
20/09/2018;0,018930863
21/09/2018;0,033020119
22/09/2018;-0,001925807
23/09/2018;-0,001688505
24/09/2018;-0,017169733
25/09/2018;-0,022582362
26/09/2018;0,007528117
27/09/2018;0,027983064
28/09/2018;-0,004885628
29/09/2018;-0,006346944
30/09/2018;0,003574711
01/10/2018;-0,005424438
02/10/2018;-0,005086791
03/10/2018;-0,008161903
04/10/2018;0,011395475
05/10/2018;0,006962475
06/10/2018;-0,005159687
07/10/2018;0,002222138
08/10/2018;0,007463298
09/10/2018;-0,001441598
10/10/2018;-0,008597538
11/10/2018;-0,050001983
12/10/2018;0,002931448
13/10/2018;0,001818473
14/10/2018;0,000785865
15/10/2018;0,04857944
16/10/2018;-6,52E-05
17/10/2018;-0,007834874
18/10/2018;-0,010347763
19/10/2018;-0,001744683
20/10/2018;0,003678001
21/10/2018;-0,001054037
22/10/2018;0,000742024
23/10/2018;-0,001760388
24/10/2018;0,003103832
25/10/2018;-0,003009588
26/10/2018;-0,000237796
27/10/2018;0,000869514
28/10/2018;0,000927454
29/10/2018;-0,023705058
30/10/2018;0,000258998
31/10/2018;-0,002630162
01/11/2018;0,009524159
02/11/2018;0,001671453
03/11/2018;-0,004254587
04/11/2018;0,002337606
05/11/2018;0,006827068
06/11/2018;0,00644109
07/11/2018;0,010699623
08/11/2018;-0,011702647
09/11/2018;-0,010552068
10/11/2018;0,003695819
11/11/2018;0,000319821
12/11/2018;-0,006239013
13/11/2018;-0,001848891
14/11/2018;-0,097671372
15/11/2018;-0,01573977
16/11/2018;-0,01283279
17/11/2018;-0,003805854
18/11/2018;0,012460542
19/11/2018;-0,133732453
20/11/2018;-0,086137937
21/11/2018;0,033761049
22/11/2018;-0,05133013
23/11/2018;-0,004312949
24/11/2018;-0,107278138
25/11/2018;0,033295015
26/11/2018;-0,057566538
27/11/2018;0,011005202
28/11/2018;0,114297817
29/11/2018;0,005032803
30/11/2018;-0,061132858
01/12/2018;0,049138692
02/12/2018;-0,01774609
03/12/2018;-0,059360946
04/12/2018;0,016117316
05/12/2018;-0,051277324
06/12/2018;-0,062038728
07/12/2018;-0,028730936
08/12/2018;0,016426468
09/12/2018;0,03973391
10/12/2018;-0,030871924
11/12/2018;-0,022288192
12/12/2018;0,018210091
13/12/2018;-0,049691834
14/12/2018;-0,021484405
15/12/2018;-0,001765049
16/12/2018;0,004967123
17/12/2018;0,09008304
18/12/2018;0,042357604
19/12/2018;0,013498594
20/12/2018;0,103709513
21/12/2018;-0,057540471
22/12/2018;0,03019058
23/12/2018;-0,00378717
24/12/2018;0,0199098
25/12/2018;-0,064509502
26/12/2018;0,010957145
27/12/2018;-0,05248859
28/12/2018;0,073624477
29/12/2018;-0,026379244
30/12/2018;0,011921223
31/12/2018;-0,031881456
01/01/2019;0,026937657
02/01/2019;0,025989042
03/01/2019;-0,027049743
04/01/2019;0,005467223
05/01/2019;-0,003246207
06/01/2019;0,060188889
07/01/2019;-0,012604589
08/01/2019;0,001391121
09/01/2019;0,001103611
10/01/2019;-0,088313668
11/01/2019;0,002294398
12/01/2019;-0,007068584
13/01/2019;-0,029592732
14/01/2019;0,043090667
15/01/2019;-0,02033888
16/01/2019;0,006701658
17/01/2019;0,006445167
18/01/2019;-0,005633886
19/01/2019;0,019336279
20/01/2019;-0,034210098
21/01/2019;-0,006937269
22/01/2019;0,00798222
23/01/2019;-0,005397055
24/01/2019;0,004391044
25/01/2019;-0,000305374
26/01/2019;0,000748543
27/01/2019;-0,005133888
28/01/2019;-0,03167312
29/01/2019;-0,006435331
30/01/2019;0,011039271
31/01/2019;-0,008143269
01/02/2019;0,008720184
02/02/2019;0,009494265
03/02/2019;-0,016201755
04/02/2019;-0,001402816
05/02/2019;0,002082408
06/02/2019;-0,01517143
07/02/2019;-0,00418779
08/02/2019;0,078632393
09/02/2019;0,001206328
10/02/2019;0,005171225
11/02/2019;-0,011315837
12/02/2019;0,001397286
13/02/2019;-0,005873228
14/02/2019;-0,004182104
15/02/2019;0,001086553
16/02/2019;0,002479226
17/02/2019;0,012135306
18/02/2019;0,06583804
19/02/2019;0,008013896
20/02/2019;0,013358199
21/02/2019;-0,011426111
22/02/2019;0,013001242
23/02/2019;0,034202805
24/02/2019;-0,080168307
25/02/2019;0,018966061
26/02/2019;-0,007298634
27/02/2019;-0,00085891
28/02/2019;0,000970655
01/03/2019;0,001244775
02/03/2019;0,001251767
03/03/2019;-0,004461026
04/03/2019;-0,022254936
05/03/2019;0,035840974
06/03/2019;0,001942222
07/03/2019;0,001931829
08/03/2019;-0,002646766
09/03/2019;0,015939511
10/03/2019;-0,002955574
11/03/2019;-0,011735135
12/03/2019;0,001006076
13/03/2019;-0,000623911
14/03/2019;0,004518334
15/03/2019;0,009311558
16/03/2019;0,022170328
17/03/2019;-0,005803511
18/03/2019;0,001808175
19/03/2019;0,009592757
20/03/2019;0,004000337
21/03/2019;-0,014226239
22/03/2019;-0,00132991
23/03/2019;0,002946881
24/03/2019;-0,003384239
25/03/2019;-0,014692985
26/03/2019;0,005553839
27/03/2019;0,02559179
28/03/2019;-0,004394102
29/03/2019;0,007192569
30/03/2019;0,00202169
31/03/2019;-0,00030581
01/04/2019;0,012855934
02/04/2019;0,173560136
03/04/2019;0,019087372
04/04/2019;-0,01009912
05/04/2019;0,023133654
06/04/2019;0,004593547
07/04/2019;0,027487077
08/04/2019;0,017479481
09/04/2019;-0,016033303
10/04/2019;0,022976794
11/04/2019;-0,048842415
12/04/2019;0,004946457
13/04/2019;0,001384676
14/04/2019;0,013957527
15/04/2019;-0,019469655
16/04/2019;0,033244043
17/04/2019;0,003128303
18/04/2019;0,008843927
19/04/2019;0,001024229
20/04/2019;0,006424384
21/04/2019;-0,004375324
22/04/2019;0,015962647
23/04/2019;0,032040261
24/04/2019;-0,01929085
25/04/2019;-0,04654296
26/04/2019;0,013210309
27/04/2019;-0,002094412
28/04/2019;0,003198028
29/04/2019;-0,007149598
30/04/2019;0,019700225
01/05/2019;0,009712831
02/05/2019;0,018988002
03/05/2019;0,047773353
04/05/2019;0,01090062
05/05/2019;-0,006080941
06/05/2019;-0,008437513
07/05/2019;0,014389614
08/05/2019;0,026238274
09/05/2019;0,032105751
10/05/2019;0,033090835
11/05/2019;0,129478272
12/05/2019;-0,032256388
13/05/2019;0,120840298
14/05/2019;0,022969025
15/05/2019;0,026362395
16/05/2019;-0,039031351
17/05/2019;-0,068613811
18/05/2019;-0,009897676
19/05/2019;0,127417816
20/05/2019;-0,026761244
21/05/2019;-0,001877772
22/05/2019;-0,035570712
23/05/2019;0,026273246
24/05/2019;0,013388348
25/05/2019;0,008159425
26/05/2019;0,077077738
27/05/2019;0,015284123
28/05/2019;-0,009745465
29/05/2019;-0,006935192
30/05/2019;-0,039264986
31/05/2019;0,030654503
01/06/2019;-0,001222853
02/06/2019;0,020894566
03/06/2019;-0,061073482
04/06/2019;-0,061057914
05/06/2019;0,015109485
06/06/2019;-0,000282201
07/06/2019;0,028372164
08/06/2019;-0,011166557
09/06/2019;-0,03344814
10/06/2019;0,040615155
11/06/2019;-0,00907653
12/06/2019;0,027516514
13/06/2019;0,010442904
14/06/2019;0,056240246
15/06/2019;0,016625807
16/06/2019;0,01766312
17/06/2019;0,036229327
18/06/2019;-0,0255988
19/06/2019;0,02111471
20/06/2019;0,027350847
21/06/2019;0,064803832
22/06/2019;0,054919578
23/06/2019;0,014360318
24/06/2019;0,014346027
25/06/2019;0,070820742
26/06/2019;0,1039202
27/06/2019;-0,140856807
28/06/2019;0,109500721
29/06/2019;-0,036104534
30/06/2019;-0,095508017
01/07/2019;-0,021634201
02/07/2019;0,020650117
03/07/2019;0,107352934
04/07/2019;-0,062353919
05/07/2019;-0,021129585
06/07/2019;0,020958388
07/07/2019;0,021617059
08/07/2019;0,072930094
09/07/2019;0,023429552
10/07/2019;-0,033188009
11/07/2019;-0,065631535
12/07/2019;0,040262155
13/07/2019;-0,035850365
14/07/2019;-0,099743901
15/07/2019;0,062307683
16/07/2019;-0,13009973
17/07/2019;0,022807481
18/07/2019;0,100340363
19/07/2019;-0,012726782
20/07/2019;0,022449267
21/07/2019;-0,015606204
22/07/2019;-0,02415289
23/07/2019;-0,042766539
24/07/2019;-0,008973223
25/07/2019;0,01018312
26/07/2019;-0,004190754
27/07/2019;-0,03977851
28/07/2019;0,007932599
29/07/2019;-0,003529293
30/07/2019;0,009273765
31/07/2019;0,049774436
01/08/2019;0,031137478
02/08/2019;0,011395157
03/08/2019;0,028859737
04/08/2019;0,013718514
05/08/2019;0,076158131
06/08/2019;-0,027739623
07/08/2019;0,040407125
08/08/2019;0,002046436
09/08/2019;-0,008646764
10/08/2019;-0,042899337
11/08/2019;0,014933444
12/08/2019;-0,012232562
13/08/2019;-0,042765751
14/08/2019;-0,077472388
15/08/2019;0,025850522
16/08/2019;0,006089579
17/08/2019;-0,013744946
18/08/2019;0,011148286
19/08/2019;0,055118269
20/08/2019;-0,013999683
21/08/2019;-0,058085024
22/08/2019;-0,00068989
23/08/2019;0,027332707
24/08/2019;-0,023828281
25/08/2019;-0,002110575
26/08/2019;0,02291289
27/08/2019;-0,017869398
28/08/2019;-0,04232263
29/08/2019;-0,02503712
30/08/2019;0,00925045
31/08/2019;0,003385043
01/09/2019;0,013218885
02/09/2019;0,060339394
03/09/2019;0,026750333
04/09/2019;-0,002734199
05/09/2019;-0,001789605
06/09/2019;-0,021013642
07/09/2019;0,015835734
08/09/2019;-0,007224177
09/09/2019;-0,010180916
10/09/2019;-0,021190088
11/09/2019;0,006168113
12/09/2019;0,022769347
13/09/2019;-0,004762678
14/09/2019;-0,000241111
15/09/2019;-0,000997865
16/09/2019;-0,006853586
17/09/2019;-0,003456475
18/09/2019;-0,004201081
19/09/2019;0,006684187
20/09/2019;-0,008257355
21/09/2019;-0,015903605
22/09/2019;0,005057606
23/09/2019;-0,033868427
24/09/2019;-0,113960414
25/09/2019;-0,015494718
26/09/2019;-0,04336346
27/09/2019;0,016366358
28/09/2019;-0,000718708
29/09/2019;-0,017187843
30/09/2019;0,023405513
01/10/2019;0,005957197
02/10/2019;0,005964758
03/10/2019;-0,015852394
04/10/2019;-0,006543921
05/10/2019;-0,006634093
06/10/2019;-0,020038608
07/10/2019;0,03223113
08/10/2019;-0,002042277
09/10/2019;0,044594325
10/10/2019;-0,001078046
11/10/2019;-0,030829513
12/10/2019;0,00177833
13/10/2019;-0,001865255
14/10/2019;0,006451223
15/10/2019;-0,020217758
16/10/2019;-0,019236464
17/10/2019;0,007006411
18/10/2019;-0,016128461
19/10/2019;0,001925577
20/10/2019;0,029231496
21/10/2019;0,002632252
22/10/2019;-0,020078019
23/10/2019;-0,06975948
24/10/2019;-0,0028189
25/10/2019;0,155763418
26/10/2019;0,067462497
27/10/2019;0,03317935
28/10/2019;-0,030943805
29/10/2019;0,018532445
30/10/2019;-0,023543519
31/10/2019;-0,00066715
01/11/2019;0,006687207
02/11/2019;0,006868866
03/11/2019;-0,009583484
04/11/2019;0,019193396
05/11/2019;-0,007445857
06/11/2019;0,001964408
07/11/2019;-0,009968973
08/11/2019;-0,049924747
09/11/2019;0,000988221
10/11/2019;0,027451306
11/11/2019;-0,03287918
12/11/2019;0,006608292
13/11/2019;-0,000839349
14/11/2019;-0,011372046
15/11/2019;-0,024816283
16/11/2019;0,006920467
17/11/2019;0,003182739
18/11/2019;-0,031323178
19/11/2019;-0,012412694
20/11/2019;-0,021797986
21/11/2019;-0,047901486
22/11/2019;-0,045294215
23/11/2019;0,013872153
24/11/2019;-0,047295146
25/11/2019;0,013935578
26/11/2019;0,010108586
27/11/2019;0,043402102
28/11/2019;-0,009102586
29/11/2019;0,039948206
30/11/2019;-0,024688539
01/12/2019;-0,019200067
02/12/2019;-0,013779656
03/12/2019;-0,000251677
04/12/2019;-0,009304575
05/12/2019;0,027064535
06/12/2019;0,013249851
07/12/2019;0,001224489
08/12/2019;0,001072944
09/12/2019;-0,021607396
10/12/2019;-0,016589846
11/12/2019;-0,00833902
12/12/2019;0,0035618
13/12/2019;0,003665581
14/12/2019;-0,019947322
15/12/2019;0,003877782
16/12/2019;-0,030734342
17/12/2019;-0,042115565
18/12/2019;0,095819012
19/12/2019;-0,010163598
20/12/2019;0,002217481
21/12/2019;-0,003831337
22/12/2019;0,044558908
23/12/2019;-0,020762644
24/12/2019;-0,004499438
25/12/2019;-0,006469956
26/12/2019;-0,004974322
27/12/2019;0,007062
28/12/2019;0,003827369
29/12/2019;0,014302096
30/12/2019;-0,01746784
31/12/2019;-0,013628968
01/01/2020;0,000914034
02/01/2020;-0,029819292
03/01/2020;0,051451663
04/01/2020;0,008954867
05/01/2020;8,91E-05
06/01/2020;0,04829126
07/01/2020;0,050773846
08/01/2020;-0,010268588
09/01/2020;-0,024850856
10/01/2020;0,036486903
11/01/2020;-0,015798169
12/01/2020;0,019279106
13/01/2020;-0,005895617
14/01/2020;0,083933448
15/01/2020;-0,002350981
16/01/2020;-0,009449814
17/01/2020;0,023527852
18/01/2020;0,001542216
19/01/2020;-0,026452929
20/01/2020;-0,005582491
21/01/2020;0,010193532
22/01/2020;-0,00743418
23/01/2020;-0,031605146
24/01/2020;0,004629617
25/01/2020;-0,009186847
26/01/2020;0,027364554
27/01/2020;0,036407519
28/01/2020;0,050368082
29/01/2020;-0,004483577
30/01/2020;0,020647303
31/01/2020;-0,016664632
01/02/2020;0,004528696
02/02/2020;-0,005164528
03/02/2020;-0,005441113
04/02/2020;-0,012111512
05/02/2020;0,047104094
06/02/2020;0,012105773
07/02/2020;0,006797837
08/02/2020;0,007061676
09/02/2020;0,025499407
10/02/2020;-0,025706324
11/02/2020;0,035674025
12/02/2020;0,0115415
13/02/2020;-0,010814857
14/02/2020;0,009568503
15/02/2020;-0,040989783
16/02/2020;0,004551204
17/02/2020;-0,024590332
18/02/2020;0,046630224
19/02/2020;-0,050148844
20/02/2020;-0,002585916
21/02/2020;0,008114276
22/02/2020;-0,00240127
23/02/2020;0,0270443
24/02/2020;-0,027642742
25/02/2020;-0,031965196
26/02/2020;-0,055790952
27/02/2020;-0,004084602
28/02/2020;-0,012754185
29/02/2020;-0,008411262
01/03/2020;-0,004308931
02/03/2020;0,035879412
03/03/2020;-0,009231887
04/03/2020;-0,003702871
05/03/2020;0,036951172
06/03/2020;0,004822596
07/03/2020;-0,023303999
08/03/2020;-0,089993493
09/03/2020;-0,022751484
10/03/2020;-0,001756141
11/03/2020;0,000215012
12/03/2020;-0,371695386
13/03/2020;0,119280672
14/03/2020;-0,065305527
15/03/2020;0,036910618
16/03/2020;-0,070069157
17/03/2020;0,042107938
18/03/2020;0,002451204
19/03/2020;0,181877557
20/03/2020;0,0012252
21/03/2020;-0,002212035
22/03/2020;-0,057365839
23/03/2020;0,100520487
24/03/2020;0,049637334
25/03/2020;-0,007979553
26/03/2020;0,005295182
27/03/2020;-0,036722144
28/03/2020;-0,035179534
29/03/2020;-0,051288199
30/03/2020;0,085747238
31/03/2020;0,001369044
01/04/2020;0,026112924
02/04/2020;0,028281288
03/04/2020;-0,00886674
04/04/2020;0,019921643
05/04/2020;-0,011124521
06/04/2020;0,070776424
07/04/2020;-0,013114627
08/04/2020;0,021972544
09/04/2020;-0,004364446
10/04/2020;-0,059790585
11/04/2020;-0,000933677
12/04/2020;0,016329995
13/04/2020;-0,018082418
14/04/2020;-0,000381278
15/04/2020;-0,029275848
16/04/2020;0,071467402
17/04/2020;-0,002897316
18/04/2020;0,022755957
19/04/2020;-0,009402505
20/04/2020;-0,042766468
21/04/2020;-0,000237615
22/04/2020;0,034429237
23/04/2020;0,043910071
24/04/2020;0,016309658
25/04/2020;0,002520912
26/04/2020;0,014522071
27/04/2020;0,015069777
28/04/2020;0,001469742
29/04/2020;0,127318052
30/04/2020;-0,016189496
01/05/2020;0,02381609
02/05/2020;0,013968792
03/05/2020;-0,010138171
04/05/2020;0,001706727
05/05/2020;0,010144679
06/05/2020;0,0295112
07/05/2020;0,073662141
08/05/2020;-0,010938284
09/05/2020;-0,025274609
10/05/2020;-0,087291521
11/05/2020;-0,017659566
12/05/2020;0,023562712
13/05/2020;0,052871935
14/05/2020;0,050025352
15/05/2020;-0,041661805
16/05/2020;0,005233209
17/05/2020;0,031324001
18/05/2020;0,005773699
19/05/2020;0,000253213
20/05/2020;-0,021179549
21/05/2020;-0,0463321
22/05/2020;0,011100867
23/05/2020;0,002908765
24/05/2020;-0,045488749
25/05/2020;0,013260697
26/05/2020;-0,008070323
27/05/2020;0,039158209
28/05/2020;0,037548496
29/05/2020;-0,009093976
30/05/2020;0,027681598
31/05/2020;-0,024674768
01/06/2020;0,074643863
02/06/2020;-0,062697748
03/06/2020;0,013317595
04/06/2020;0,014903505
05/06/2020;-0,013785177
06/06/2020;-0,00122637
07/06/2020;0,010894587
08/06/2020;0,001294898
09/06/2020;0,002477712
10/06/2020;0,007594611
11/06/2020;-0,055553011
12/06/2020;0,017063531
13/06/2020;-0,000587121
14/06/2020;-0,009338962
15/06/2020;0,006808938
16/06/2020;0,009239765
17/06/2020;-0,006056761
18/06/2020;-0,007216479
19/06/2020;-0,013156009
20/06/2020;0,004771983
21/06/2020;-0,003076499
22/06/2020;0,037091748
23/06/2020;-0,001975347
24/06/2020;-0,032820256
25/06/2020;-0,005239308
26/06/2020;-0,010998118
27/06/2020;-0,01282641
28/06/2020;0,010855408
29/06/2020;0,005170016
30/06/2020;-0,005751514
01/07/2020;0,009885325
02/07/2020;-0,011368806
03/07/2020;-0,00395756
04/07/2020;0,004972275
05/07/2020;-0,006410728
06/07/2020;0,033230564
07/07/2020;-0,013140376
08/07/2020;0,01902836
09/07/2020;-0,015948231
10/07/2020;9,05E-05
11/07/2020;-0,00414503
12/07/2020;0,00391255
13/07/2020;-0,003545059
14/07/2020;-4,33E-05
15/07/2020;-0,005450156
16/07/2020;-0,006593109
17/07/2020;0,002098616
18/07/2020;0,000835661
19/07/2020;0,002923597
20/07/2020;-0,00234992
21/07/2020;0,022986789
22/07/2020;0,016050921
23/07/2020;0,005848489
24/07/2020;-0,004611142
25/07/2020;0,014702976
26/07/2020;0,023566295
27/07/2020;0,109610071
28/07/2020;-0,007101329
29/07/2020;0,017194866
30/07/2020;0,000968076
31/07/2020;0,019102587
01/08/2020;0,038515234
02/08/2020;-0,060034266
03/08/2020;0,017436322
04/08/2020;-0,003597261
05/08/2020;0,048289762
06/08/2020;0,002788024
07/08/2020;-0,015136181
08/08/2020;0,013151196
09/08/2020;-0,006662101
10/08/2020;0,017332699
11/08/2020;-0,039365344
12/08/2020;0,015284939
13/08/2020;0,017195015
14/08/2020;-0,001295521
15/08/2020;0,008227395
16/08/2020;0,002284355
17/08/2020;0,030404826
18/08/2020;-0,021475461
19/08/2020;-0,019426708
20/08/2020;0,010213129
21/08/2020;-0,024067508
22/08/2020;0,007706364
23/08/2020;-0,001453329
24/08/2020;0,009408442
25/08/2020;-0,034690018
26/08/2020;0,010753745
27/08/2020;-0,014359384
28/08/2020;0,019349541
29/08/2020;-0,003087266
30/08/2020;0,01778422
31/08/2020;-0,00262012
01/09/2020;0,024797762
02/09/2020;-0,046484719
03/09/2020;-0,102394761
04/09/2020;0,026013556
05/09/2020;-0,032558235
06/09/2020;0,010893696
07/09/2020;0,008677905
08/09/2020;-0,022956306
09/09/2020;0,010939236
10/09/2020;0,011793294
11/09/2020;0,003645263
12/09/2020;0,003966561
13/09/2020;-0,011340079
14/09/2020;0,034588384
15/09/2020;0,010871177
16/09/2020;0,016481884
17/09/2020;-0,0023613
18/09/2020;-0,000402256
19/09/2020;0,013683546
20/09/2020;-0,014067993
21/09/2020;-0,043518002
22/09/2020;0,00728334
23/09/2020;-0,02773398
24/09/2020;0,050153282
25/09/2020;-0,006259219
26/09/2020;0,005424892
27/09/2020;0,002283186
28/09/2020;-0,00608961
29/09/2020;0,012604357
30/09/2020;-0,005546464
01/10/2020;-0,01530337
02/10/2020;-0,004094141
03/10/2020;-0,002519438
04/10/2020;0,011399199
05/10/2020;0,011599032
06/10/2020;-0,017504646
07/10/2020;0,006088271
08/10/2020;0,023124709
09/10/2020;0,013629237
10/10/2020;0,020959302
11/10/2020;0,007774212
12/10/2020;0,015036798
13/10/2020;-0,01120379
14/10/2020;0,000315723
15/10/2020;0,005760771
16/10/2020;-0,015069273
17/10/2020;0,003177718
18/10/2020;0,011028059
19/10/2020;0,022526312
20/10/2020;0,014843919
21/10/2020;0,076143755
22/10/2020;0,01108902
23/10/2020;-0,002649454
24/10/2020;0,013650613
25/10/2020;-0,005865754
26/10/2020;0,003382214
27/10/2020;0,044279902
28/10/2020;-0,028045075
29/10/2020;0,012553242
30/10/2020;0,008084581
31/10/2020;0,017308697
01/11/2020;-0,003184512
02/11/2020;-0,013585108
03/11/2020;0,02950532
04/11/2020;0,013147118
05/11/2020;0,102318634
06/11/2020;-0,000896528
07/11/2020;-0,047034084
08/11/2020;0,043536753
09/11/2020;-0,009512666
10/11/2020;-0,002701033
11/11/2020;0,026841941
12/11/2020;0,036621327
13/11/2020;0,002547553
14/11/2020;-0,015300457
15/11/2020;-0,007004594
16/11/2020;0,047665021
17/11/2020;0,055592769
18/11/2020;0,008988153
19/11/2020;0,00073489
20/11/2020;0,045137821
21/11/2020;0,001123335
22/11/2020;-0,01460289
23/11/2020;-0,000320134
24/11/2020;0,040478047
25/11/2020;-0,019643828
26/11/2020;-0,084427067
27/11/2020;-0,002461759
28/11/2020;0,035597229
29/11/2020;0,025967125
30/11/2020;0,079678328
01/12/2020;-0,04192626
02/12/2020;0,021171823
03/12/2020;0,012723581
04/12/2020;-0,038344949
05/12/2020;0,024303237
06/12/2020;0,009965977
07/12/2020;-0,007934312
08/12/2020;-0,045357601
09/12/2020;0,012705073
10/12/2020;-0,015572121
11/12/2020;-0,011283218
12/12/2020;0,041240152
13/12/2020;0,018013867
14/12/2020;0,005446643
15/12/2020;0,008855135
16/12/2020;0,097518363
17/12/2020;0,070132451
18/12/2020;0,014593136
19/12/2020;0,031630752
20/12/2020;-0,016444905
21/12/2020;-0,028717656
22/12/2020;0,042974334
23/12/2020;-0,022776055
24/12/2020;0,021281191
25/12/2020;0,039132279
26/12/2020;0,071853278
27/12/2020;-0,006231492
28/12/2020;0,030926635
29/12/2020;0,010250355
30/12/2020;0,0540345
31/12/2020;0,005574281
01/01/2021;0,012841708
02/01/2021;0,093725776
03/01/2021;0,020380067
04/01/2021;-0,024712
05/01/2021;0,06319658
06/01/2021;0,083310714
07/01/2021;0,069157467
08/01/2021;0,036233899
09/01/2021;-0,013311135
10/01/2021;-0,047152573
11/01/2021;-0,072733159
12/01/2021;-0,046214502
13/01/2021;0,100032496
14/01/2021;0,05013803
15/01/2021;-0,06027359
16/01/2021;-0,017575563
17/01/2021;-0,010693288
18/01/2021;0,02343579
19/01/2021;-0,015295343
20/01/2021;-0,014473455
21/01/2021;-0,13283684
22/01/2021;0,07072224
23/01/2021;-0,02842289
24/01/2021;0,006914644
25/01/2021;0,002385108
26/01/2021;0,006286058
27/01/2021;-0,065622125
28/01/2021;0,099681134
29/01/2021;0,025407476
30/01/2021;-0,001365624
31/01/2021;-0,033708203
01/02/2021;0,01276837
02/02/2021;0,058833615
03/02/2021;0,055245982
04/02/2021;-0,01457147
05/02/2021;0,032991388
06/02/2021;0,029406828
07/02/2021;-0,009233693
08/02/2021;0,187464738
09/02/2021;0,006161524
10/02/2021;-0,033624886
11/02/2021;0,066591037
12/02/2021;-0,008442624
13/02/2021;-0,008406214
14/02/2021;0,034216236
15/02/2021;-0,015851261
16/02/2021;0,026171884
17/02/2021;0,05994196
18/02/2021;-0,008997505
19/02/2021;0,081430969
20/02/2021;0,003782319
21/02/2021;0,025676259
22/02/2021;-0,05791846
23/02/2021;-0,099301985
24/02/2021;0,018042327
25/02/2021;-0,052539242
26/02/2021;-0,01601249
27/02/2021;-0,0032652
28/02/2021;-0,022747755
01/03/2021;0,099550171
02/03/2021;-0,025231162
03/03/2021;0,04463206
04/03/2021;-0,03912036
05/03/2021;0,007539702
06/03/2021;-0,000304981
07/03/2021;0,046906498
08/03/2021;0,020306565
09/03/2021;0,04933522
10/03/2021;0,021604244
11/03/2021;0,032076715
12/03/2021;-0,008183207
13/03/2021;0,068216528
14/03/2021;-0,03168961
15/03/2021;-0,057251005
16/03/2021;0,016057022
17/03/2021;0,036369963
18/03/2021;-0,017189694
19/03/2021;0,00842965
20/03/2021;-0,000565719
21/03/2021;-0,013551248
22/03/2021;-0,052053185
23/03/2021;0,003847498
24/03/2021;-0,035891807
25/03/2021;-0,020277032
26/03/2021;0,066399925
27/03/2021;0,015165759
28/03/2021;-0,000406721
29/03/2021;0,032161379
30/03/2021;0,020216245
31/03/2021;1,94E-05
01/04/2021;0,003003735
02/04/2021;0,004881969
03/04/2021;-0,02998135
04/04/2021;0,020044897
05/04/2021;0,005094139
06/04/2021;-0,014655446
07/04/2021;-0,03683339
08/04/2021;0,040589808
09/04/2021;-0,001353633
10/04/2021;0,026581344
11/04/2021;0,006885904
12/04/2021;-0,005174187
13/04/2021;0,060273765
14/04/2021;-0,006200634
15/04/2021;0,00323748
16/04/2021;-0,027501379
17/04/2021;-0,014437689
18/04/2021;-0,073621547
19/04/2021;-0,008750469
20/04/2021;0,013436976
21/04/2021;-0,045454288
22/04/2021;-0,039769466
23/04/2021;-0,012917151
24/04/2021;-0,02040929
25/04/2021;-0,020910992
26/04/2021;0,10238907
27/04/2021;0,018721408
28/04/2021;-0,003787066
29/04/2021;-0,02315733
30/04/2021;0,078331768
01/05/2021;0,001348481
02/05/2021;-0,020698824
03/05/2021;0,01005128
04/05/2021;-0,067600247
05/05/2021;0,076695993
06/05/2021;-0,017893077
07/05/2021;0,01702032
08/05/2021;0,025234759
09/05/2021;-0,009718099
10/05/2021;-0,040742318
11/05/2021;0,015123172
12/05/2021;-0,133217455
13/05/2021;0,011508649
14/05/2021;0,003305638
15/05/2021;-0,062556419
16/05/2021;-0,006504014
17/05/2021;-0,062823816
18/05/2021;-0,014426855
19/05/2021;-0,137661226
20/05/2021;0,102163445
21/05/2021;-0,085282328
22/05/2021;0,006217486
23/05/2021;-0,073689369
24/05/2021;0,11318184
25/05/2021;-0,007847826
26/05/2021;0,023227212
27/05/2021;-0,0218157
28/05/2021;-0,071268973
29/05/2021;-0,030297244
30/05/2021;0,030681201
31/05/2021;0,046379298
01/06/2021;-0,017355482
02/06/2021;0,024267567
03/06/2021;0,043475133
04/06/2021;-0,059026581
05/06/2021;-0,036386254
06/06/2021;0,008731499
07/06/2021;-0,06418068
08/06/2021;-0,002624325
09/06/2021;0,115691177
10/06/2021;-0,017205017
11/06/2021;0,017214062
12/06/2021;-0,047727642
13/06/2021;0,099721319
14/06/2021;0,028661855
15/06/2021;0,004669321
16/06/2021;-0,050962562
17/06/2021;-0,007655309
18/06/2021;-0,059554511
19/06/2021;-0,004788717
20/06/2021;0,002314299
21/06/2021;-0,112655333
22/06/2021;0,026169613
23/06/2021;0,03745093
24/06/2021;0,027856638
25/06/2021;-0,087260401
26/06/2021;0,017336806
27/06/2021;0,076534703
28/06/2021;-0,006213876
29/06/2021;0,041628258
30/06/2021;-0,023055273
01/07/2021;-0,04191449
02/07/2021;0,009678558
03/07/2021;0,022760095
04/07/2021;0,017861561
05/07/2021;-0,043691535
06/07/2021;0,014496277
07/07/2021;-0,011095809
08/07/2021;-0,028886355
09/07/2021;0,028002258
10/07/2021;-0,008210311
11/07/2021;0,021469475
12/07/2021;-0,03166863
13/07/2021;-0,013687548
14/07/2021;0,003679352
15/07/2021;-0,031735
16/07/2021;-0,011302176
17/07/2021;0,003549454
18/07/2021;0,008363987
19/07/2021;-0,030788576
20/07/2021;-0,032788951
21/07/2021;0,077274427
22/07/2021;0,006303573
23/07/2021;0,039254825
24/07/2021;0,021169199
25/07/2021;0,030844758
26/07/2021;0,056218872
27/07/2021;0,055424287
28/07/2021;0,014945713
29/07/2021;0,000312923
30/07/2021;0,055666405
31/07/2021;-0,014427458
01/08/2021;-0,03966975
02/08/2021;-0,019335866
03/08/2021;-0,026757979
04/08/2021;0,041792893
05/08/2021;0,028229465
06/08/2021;0,047638036
07/08/2021;0,040622208
08/08/2021;-0,017005274
09/08/2021;0,058616336
10/08/2021;-0,016830892
11/08/2021;0,000188778
12/08/2021;-0,025559436
13/08/2021;0,075740735
14/08/2021;-0,014570551
15/08/2021;-0,001060396
16/08/2021;-0,022159106
17/08/2021;-0,028456465
18/08/2021;0,002367765
19/08/2021;0,042775443
20/08/2021;0,056115872
21/08/2021;-0,008789843
22/08/2021;0,008509477
23/08/2021;0,004551674
24/08/2021;-0,037137725
25/08/2021;0,026300021
26/08/2021;-0,041228304
27/08/2021;0,045086263
28/08/2021;-0,003185281
29/08/2021;-0,001483983
30/08/2021;-0,036347609
31/08/2021;0,002373885
01/09/2021;0,035625564
02/09/2021;0,00984083
03/09/2021;0,01414321
04/09/2021;-0,001614181
05/09/2021;0,036215812
06/09/2021;0,017006126
07/09/2021;-0,110621607
08/09/2021;-0,015375367
09/09/2021;0,006509486
10/09/2021;-0,032495484
11/09/2021;0,007074849
12/09/2021;0,019066034
13/09/2021;-0,023884438
14/09/2021;0,047359261
15/09/2021;0,023015462
16/09/2021;-0,008157287
17/09/2021;-0,010795387
18/09/2021;0,021385589
19/09/2021;-0,021089044
20/09/2021;-0,093448953
21/09/2021;-0,050185207
22/09/2021;0,070793114
23/09/2021;0,030306478
24/09/2021;-0,045781116
25/09/2021;-0,002874813
26/09/2021;0,011516492
27/09/2021;-0,022514267
28/09/2021;-0,028440079
29/09/2021;0,012911569
30/09/2021;0,053568275
01/10/2021;0,09878873
02/10/2021;-0,008426411
03/10/2021;0,010237887
04/10/2021;0,018940874
05/10/2021;0,048905889
06/10/2021;0,074670498
07/10/2021;-0,028096534
08/10/2021;0,003008277
09/10/2021;0,0185365
10/10/2021;-0,003577422
11/10/2021;0,049536841
12/10/2021;-0,025115
13/10/2021;0,024268618
14/10/2021;-0,001386284
15/10/2021;0,074534407
16/10/2021;-0,011393482
17/10/2021;0,010862438
18/10/2021;0,0076756
19/10/2021;0,036047968
20/10/2021;0,026934175
21/10/2021;-0,057319314
22/10/2021;-0,024399647
23/10/2021;0,011555864
24/10/2021;-0,007537938
25/10/2021;0,034612824
26/10/2021;-0,042449853
27/10/2021;-0,031167794
28/10/2021;0,036587939
29/10/2021;0,026489138
30/10/2021;-0,005449846
31/10/2021;-0,009208043
01/11/2021;-0,005129748
02/11/2021;0,036423534
03/11/2021;-0,004054564
04/11/2021;-0,024103784
05/11/2021;-0,00531396
06/11/2021;0,006573419
07/11/2021;0,029247221
08/11/2021;0,066951547
09/11/2021;-0,008806096
10/11/2021;-0,029513867
11/11/2021;-0,000696505
12/11/2021;-0,012225096
13/11/2021;0,004887871
14/11/2021;0,015469518
15/11/2021;-0,029159323
16/11/2021;-0,053441453
17/11/2021;0,003436857
18/11/2021;-0,05674984
19/11/2021;0,020677858
20/11/2021;0,027144333
21/11/2021;-0,016193705
22/11/2021;-0,041565941
23/11/2021;0,022735856
24/11/2021;-0,022384387
25/11/2021;0,017666069
26/11/2021;-0,064686771
27/11/2021;0,023246555
28/11/2021;0,04439251
29/11/2021;0,009748898
30/11/2021;-0,01385899
01/12/2021;0,003936509
02/12/2021;-0,013140206
03/12/2021;-0,050985865
04/12/2021;-0,082046397
05/12/2021;0,003417523
06/12/2021;0,024585896
07/12/2021;0,00232216
08/12/2021;-0,003851849
09/12/2021;-0,056087262
10/12/2021;-0,008995119
11/12/2021;0,044857216
12/12/2021;0,01490662
13/12/2021;-0,067085172
14/12/2021;-0,002671253
15/12/2021;0,04900152
16/12/2021;-0,025181583
17/12/2021;-0,030699007
18/12/2021;0,013995732
19/12/2021;-0,003025943
20/12/2021;0,003709544
21/12/2021;0,043863562
22/12/2021;-0,006295931
23/12/2021;0,044336692
24/12/2021;0,00074149
25/12/2021;-0,007719775
26/12/2021;0,007528402
27/12/2021;-0,003328071
28/12/2021;-0,060259426
29/12/2021;-0,024042279
30/12/2021;0,015791121
31/12/2021;-0,018476353
01/01/2022;0,029809396
02/01/2022;-0,007163275
03/01/2022;-0,018736877
04/01/2022;-0,012065555
05/01/2022;-0,050734061
06/01/2022;-0,009366159
07/01/2022;-0,037140705
08/01/2022;0,004235995
09/01/2022;0,00425697
10/01/2022;-0,002155485
11/01/2022;0,021869109
12/01/2022;0,028389419
13/01/2022;-0,030888714
14/01/2022;0,011930269
15/01/2022;0,001802779
16/01/2022;-0,001471129
17/01/2022;-0,020024367
18/01/2022;0,002960483
19/01/2022;-0,014897823
20/01/2022;-0,02548634
21/01/2022;-0,103811656
22/01/2022;-0,039143485
23/01/2022;0,035585093
24/01/2022;0,010406744
25/01/2022;0,008175727
26/01/2022;-0,002757017
27/01/2022;0,007763821
28/01/2022;0,017397102
29/01/2022;0,009364931
30/01/2022;-0,005783656
31/01/2022;0,014914536
01/02/2022;0,006760065
02/02/2022;-0,046209029
03/02/2022;0,005456046
04/02/2022;0,116978066
05/02/2022;-0,001438787
06/02/2022;0,023437313
07/02/2022;0,033665872
08/02/2022;0,006344853
09/02/2022;0,004994545
10/02/2022;-0,017449359
11/02/2022;-0,026561983
12/02/2022;-0,003854673
13/02/2022;-0,001111462
14/02/2022;0,009228087
15/02/2022;0,046687698
16/02/2022;-0,013759752
17/02/2022;-0,07788223
18/02/2022;-0,012507647
19/02/2022;0,002277728
20/02/2022;-0,04214074
21/02/2022;-0,035286209
22/02/2022;0,032656424
23/02/2022;-0,025843816
24/02/2022;0,0277784
25/02/2022;0,02299894
26/02/2022;-0,002781397
27/02/2022;-0,035682342
28/02/2022;0,145411839
01/03/2022;0,026888525
02/03/2022;-0,009706303
03/03/2022;-0,033519811
04/03/2022;-0,07806935
05/03/2022;0,006719381
06/03/2022;-0,024887994
07/03/2022;-0,009316644
08/03/2022;0,01774026
09/03/2022;0,083786397
10/03/2022;-0,060630954
11/03/2022;-0,01629132
12/03/2022;0,002810649
13/03/2022;-0,027101258
14/03/2022;0,048008084
15/03/2022;-0,008268102
16/03/2022;0,045887145
17/03/2022;-0,004679932
18/03/2022;0,020750885
19/03/2022;0,009317831
20/03/2022;-0,022346849
21/03/2022;-0,004117263
22/03/2022;0,031180014
23/03/2022;0,012610091
24/03/2022;0,024898646
25/03/2022;0,008821398
26/03/2022;0,003429583
27/03/2022;0,052126312
28/03/2022;0,006567887
29/03/2022;0,007166155
30/03/2022;-0,008491735
31/03/2022;-0,032382108
01/04/2022;0,016315115
02/04/2022;-0,008917041
03/04/2022;0,01274538
04/04/2022;0,003640396
05/04/2022;-0,022879073
06/04/2022;-0,051568494
07/04/2022;0,006876459
08/04/2022;-0,027955771
09/04/2022;0,011693071
10/04/2022;-0,01342768
11/04/2022;-0,06363226
12/04/2022;0,015315084
13/04/2022;0,0259063
14/04/2022;-0,029908007
15/04/2022;0,015473676
16/04/2022;-0,003180504
17/04/2022;-0,017502542
18/04/2022;0,027929175
19/04/2022;0,016571097
20/04/2022;-0,003093074
21/04/2022;-0,020471984
22/04/2022;-0,019420039
23/04/2022;-0,006381173
24/04/2022;-0,000441604
25/04/2022;0,02505785
26/04/2022;-0,057858268
27/04/2022;0,029478883
28/04/2022;0,013575225
29/04/2022;-0,029265574
30/04/2022;-0,023179313
01/05/2022;0,019997912
02/05/2022;0,001565786
03/05/2022;-0,02021512
04/05/2022;0,051599857
05/05/2022;-0,078674021
06/05/2022;-0,014606061
07/05/2022;-0,014954355
08/05/2022;-0,040636849
09/05/2022;-0,1104637
10/05/2022;0,023961258
11/05/2022;-0,067258392
12/05/2022;0,003849707
13/05/2022;0,00810223
14/05/2022;0,027939734
15/05/2022;0,039993257
16/05/2022;-0,046069002
17/05/2022;0,018850785
18/05/2022;-0,05605712
19/05/2022;0,055503044
20/05/2022;-0,036734891
21/05/2022;0,007927413
22/05/2022;0,030289794
23/05/2022;-0,040391231
24/05/2022;0,019130468
25/05/2022;-0,003143577
26/05/2022;-0,00998353
27/05/2022;-0,021855519
28/05/2022;0,006543557
29/05/2022;0,021900358
30/05/2022;0,07744471
31/05/2022;0,002077763
01/06/2022;-0,062695364
02/06/2022;0,022430498
03/06/2022;-0,025046294
04/06/2022;0,004326749
05/06/2022;0,002472036
06/06/2022;0,04895263
07/06/2022;-0,006859699
08/06/2022;-0,030207305
09/06/2022;-0,003387708
10/06/2022;-0,034145637
11/06/2022;-0,024858994
12/06/2022;-0,056351073
13/06/2022;-0,15974726
14/06/2022;-0,012477914
15/06/2022;0,016483554
16/06/2022;-0,097071944
17/06/2022;0,004407495
18/06/2022;-0,07101781
19/06/2022;0,080747595
20/06/2022;0,00225101
21/06/2022;0,00539141
22/06/2022;-0,034937107
23/06/2022;0,054978038
24/06/2022;0,006913599
25/06/2022;0,012748965
26/06/2022;-0,022092619
27/06/2022;-0,013877981
28/06/2022;-0,021935532
29/06/2022;-0,008708373
30/06/2022;-0,015882238
01/07/2022;-0,026048345
02/07/2022;-0,001406965
03/07/2022;0,002848955
04/07/2022;0,04841073
05/07/2022;-0,002033807
06/07/2022;0,01773793
07/07/2022;0,053013858
08/07/2022;0,004322538
09/07/2022;-0,006392223
10/07/2022;-0,033889903
11/07/2022;-0,04265932
12/07/2022;-0,032379797
13/07/2022;0,045961711
14/07/2022;0,017704551
15/07/2022;0,012951349
16/07/2022;0,016988995
17/07/2022;-0,019394361
18/07/2022;0,082117401
19/07/2022;0,040191969
20/07/2022;-0,006742411
21/07/2022;-0,002888442
22/07/2022;-0,019411077
23/07/2022;-0,010983942
24/07/2022;0,006395837
25/07/2022;-0,0551751
26/07/2022;-0,005708687
27/07/2022;0,079605203
28/07/2022;0,039830616
29/07/2022;-0,001646288
30/07/2022;-0,006235164
31/07/2022;-0,01349796
01/08/2022;-0,000972591
02/08/2022;-0,014415337
03/08/2022;-0,005727596
04/08/2022;-0,009434737
05/08/2022;0,029091011
06/08/2022;-0,014085222
07/08/2022;0,009346662
08/08/2022;0,02733857
09/08/2022;-0,027097097
10/08/2022;0,033815984
11/08/2022;0,000412847
12/08/2022;0,018586602
13/08/2022;0,000870801
14/08/2022;-0,004288163
15/08/2022;-0,007498615
16/08/2022;-0,010510085
17/08/2022;-0,022915308
18/08/2022;-0,005281958
19/08/2022;-0,100599314
20/08/2022;0,013819044
21/08/2022;0,017389185
22/08/2022;-0,006279007
23/08/2022;0,006036742
24/08/2022;-0,006181151
25/08/2022;0,009623023
26/08/2022;-0,0620754
27/08/2022;-0,01077399
28/08/2022;-0,021201945
29/08/2022;0,034724276
30/08/2022;-0,024691383
31/08/2022;0,012777569
01/09/2022;0,003859245
02/09/2022;-0,007818753
03/09/2022;-0,0068946
04/09/2022;0,007796708
05/09/2022;-0,008722885
06/09/2022;-0,049196692
07/09/2022;0,024029315
08/09/2022;0,002048165
09/09/2022;0,106121882
10/09/2022;0,014002366
11/09/2022;0,004092001
12/09/2022;0,027616624
13/09/2022;-0,092700069
14/09/2022;-0,002740207
15/09/2022;-0,026672423
16/09/2022;0,003622775
17/09/2022;0,017953758
18/09/2022;-0,035179115
19/09/2022;0,006417416
20/09/2022;-0,033428957
21/09/2022;-0,018177572
22/09/2022;0,046699288
23/09/2022;-0,005970681
24/09/2022;-0,018687621
25/09/2022;-0,007124359
26/09/2022;0,022368473
27/09/2022;-0,005832956
28/09/2022;0,016544468
29/09/2022;0,007532413
30/09/2022;-0,007217154
01/10/2022;-0,006159667
02/10/2022;-0,013876706
03/10/2022;0,030427924
04/10/2022;0,036347276
05/10/2022;-0,008660486
06/10/2022;-0,010181852
07/10/2022;-0,020475303
08/10/2022;-0,006665077
09/10/2022;0,001537729
10/10/2022;-0,015681103
11/10/2022;-0,004705299
12/10/2022;0,005565326
13/10/2022;0,01176874
14/10/2022;-0,010176393
15/10/2022;-0,006151548
16/10/2022;0,010513049
17/10/2022;0,014670059
18/10/2022;-0,011065648
19/10/2022;-0,01007948
20/10/2022;-0,004482602
21/10/2022;0,006231245
22/10/2022;0,001863125
23/10/2022;0,018680488
24/10/2022;-0,011316781
25/10/2022;0,038783301
26/10/2022;0,033568311
27/10/2022;-0,023331496
28/10/2022;0,015257721
29/10/2022;0,010833755
30/10/2022;-0,00878417
31/10/2022;-0,006776156
01/11/2022;-0,000512301
02/11/2022;-0,015902621
03/11/2022;0,002504247
04/11/2022;0,046375197
05/11/2022;0,006405611
06/11/2022;-0,016736844
07/11/2022;-0,015466998
08/11/2022;-0,100061316
09/11/2022;-0,143490225
10/11/2022;0,107424899
11/11/2022;-0,031414436
12/11/2022;-0,013802006
13/11/2022;-0,02653821
14/11/2022;0,016194464
15/11/2022;0,016031464
16/11/2022;-0,012743782
17/11/2022;0,001084507
18/11/2022;0,000614817
19/11/2022;0,000824633
20/11/2022;-0,02511526
21/11/2022;-0,030969375
22/11/2022;0,025494274
23/11/2022;0,026000216
24/11/2022;-0,000375793
25/11/2022;-0,004975954
26/11/2022;-0,003483906
27/11/2022;-0,001193754
28/11/2022;-0,013822429
29/11/2022;0,014038085
30/11/2022;0,044000289
01/12/2022;-0,011732697
02/12/2022;0,007162515
03/12/2022;-0,010558103
04/12/2022;0,013144482
05/12/2022;-0,009086733
06/12/2022;0,006755753
07/12/2022;-0,014124281
08/12/2022;0,02287184
09/12/2022;-0,00582136
10/12/2022;-0,000258431
11/12/2022;-0,00143217
12/12/2022;0,005977724
13/12/2022;0,033410801
14/12/2022;0,001930792
15/12/2022;-0,025302762
16/12/2022;-0,041312204
17/12/2022;0,00886665
18/12/2022;-0,002209886
19/12/2022;-0,018993753
20/12/2022;0,028384069
21/12/2022;-0,005250676
22/12/2022;0,000761505
23/12/2022;-0,001983838
24/12/2022;0,003024521
25/12/2022;-0,000342451
26/12/2022;0,004620498
27/12/2022;-0,011975957
28/12/2022;-0,009846255
29/12/2022;0,005423298
30/12/2022;-0,002388838
31/12/2022;-0,003318148
01/01/2023;0,004688563
02/01/2023;0,003812952
03/01/2023;-0,000516122
04/01/2023;0,01099415
05/01/2023;-0,001571581
06/01/2023;0,006844107
07/01/2023;0,000183423
08/01/2023;0,008025112
09/01/2023;0,006167531
10/01/2023;0,014522577
11/01/2023;0,028006151
12/01/2023;0,052115796
13/01/2023;0,055114417
14/01/2023;0,053578474
15/01/2023;-0,004552757
16/01/2023;0,013832516
17/01/2023;-0,000383251
18/01/2023;-0,022339524
19/01/2023;0,019238046
20/01/2023;0,075391254
21/01/2023;0,004457127
22/01/2023;-0,002511631
